<?xml version="1.0" encoding="UTF-8"?>
<!DOCTYPE suite SYSTEM "https://testng.org/testng-1.0.dtd">
<suite name="Suite">
<listeners>
<listener class-name="Codem.testcomponent.listeners"></listener>
</listeners>
  <test thread-count="5" name="AuthorPage Test">
    <classes>
        <class name="Codem.Authorpage"/>
     </classes>
   </test> <!-- Test -->
   
    <test thread-count="5" name="AuthorPage NegativeTest">
    <classes>
        <class name="Codem.AuthorpageNeg"/>
     </classes>
   </test> <!-- Test -->
   
   <test thread-count="5" name="InstructorPage Test">
    <classes>
        <class name="Codem.instructorTest"/>
     </classes>
   </test> <!-- Test -->
   
   <test thread-count="5" name="InstructorPage NegativeTest">
    <classes>
        <class name="Codem.InstructorNeg"/>
     </classes>
   </test> <!-- Test -->
   
   <test thread-count="5" name="AssesmentPage Test">
    <classes>
        <class name="Codem.AssesmentPage"/>
     </classes>
   </test> <!-- Test -->
   
   <test thread-count="5" name="AssesmentPage negativeTest">
    <classes>
        <class name="Codem.AssesmentPageNeg"/>
     </classes>
   </test> <!-- Test -->
   
   <test thread-count="5" name="Practice Test">
    <classes>
        <class name="Codem.Practicetest"/>
     </classes>
   </test> <!-- Test -->
   
     <test thread-count="5" name="Practice negativeTest">
    <classes>
        <class name="Codem.PracticetestNeg"/>
     </classes>
   </test> <!-- Test -->
   
    <test thread-count="5" name="Assigning Test">
    <classes>
        <class name="Codem.AssigningNegative"/>
     </classes>
   </test> <!-- Test -->
   
</suite> <!-- Suite -->

